<?xml version="1.0" encoding="UTF-8" ?>
<XMLDB PATH="mod/moodlegoogle/db" VERSION="20240508" COMMENT="XMLDB file for Moodle mod_moodlegoogle"
    xmlns:xsi="http://www.w3.org/2001/XMLSchema-instance"
    xsi:noNamespaceSchemaLocation="../../../lib/xmldb/xmldb.xsd"
>
  <TABLES>
	 <TABLE NAME="moodlegoogle" COMMENT="Informacion de los cursos para el motor de notas">
      <FIELDS>
        <FIELD NAME="id" TYPE="int" LENGTH="10" NOTNULL="true" SEQUENCE="true"/>
        <FIELD NAME="course" TYPE="int" LENGTH="10" NOTNULL="true" SEQUENCE="false" COMMENT="ID of the course this activity is part of."/>
        <FIELD NAME="name" TYPE="char" LENGTH="255" NOTNULL="true" SEQUENCE="false" COMMENT="The name of the activity module instance"/>
        <FIELD NAME="timecreated" TYPE="int" LENGTH="10" NOTNULL="true" DEFAULT="0" SEQUENCE="false" COMMENT="Timestamp of when the instance was added to the course."/>
        <FIELD NAME="timemodified" TYPE="int" LENGTH="10" NOTNULL="true" DEFAULT="0" SEQUENCE="false" COMMENT="Timestamp of when the instance was last modified."/>
        <FIELD NAME="time_last_export" TYPE="int" LENGTH="10" NOTNULL="false" DEFAULT="0" SEQUENCE="false" COMMENT="Epoch Unix Timestamp del ultimo export."/>
        <FIELD NAME="gdrive_folder_id" TYPE="char" LENGTH="255" NOTNULL="false" DEFAULT="" SEQUENCE="false" COMMENT="id de directorio de google personalizado."/>
        <FIELD NAME="group_filter_prefix" TYPE="char" LENGTH="255" NOTNULL="false" DEFAULT="" SEQUENCE="false" COMMENT="Prefijos de filtro de grupos separados por ,"/>
        <FIELD NAME="enable" TYPE="int" LENGTH="4" NOTNULL="true" DEFAULT="1" SEQUENCE="false" COMMENT="Habilitación de exportación."/>
      </FIELDS>
      <KEYS>
        <KEY NAME="primary" TYPE="primary" FIELDS="id"/>
        <KEY NAME="fk_course" TYPE="foreign" FIELDS="course" REFTABLE="course" REFFIELDS="id"/>
      </KEYS>
    </TABLE>
  </TABLES>
</XMLDB>

